{"val_loss":1.7658726215362548,"_wandb":{"runtime":6939},"_runtime":6939.1685551,"_step":3800,"train_loss":1.870627760887146,"_timestamp":1.766607201240784e+09}